"Status ID","Online Notes","Description","ELcomputer shipment state","Your Mapped Status (DRAFT)","Review note"
"2","Transfer To Branch","In Transit-Departed","in_transit","In transit","Webhook guide illustration conflicts with the supplied status sheet. Confirm actual account IDs."
"3","Received At Branch","In Transit-Arrived","arrived_at_hub","Arrived at hub","Webhook guide illustration conflicts with the supplied status sheet. Confirm actual account IDs."
"4","Out For Delivery","Out For Delivery","out_for_delivery","Out for delivery","Draft default. Review against Dashboard before sharing."
"5","shipment Delivered","Shipment Delivered","delivered","Delivered","Webhook guide illustration conflicts with the supplied status sheet. Confirm actual account IDs."
"15","Not Delivered","Not Delivered","delivery_attempted","Delivery attempted","Draft default. Review against Dashboard before sharing."
"7","To Be Returned","To Be Returned","returning","Returning to sender","Draft default. Review against Dashboard before sharing."
"8","Returned","Returned To Shipper","returned","Returned","Draft default. Review against Dashboard before sharing."
"9","Lost","Shipment Lost","lost","Shipment lost","Draft default. Review against Dashboard before sharing."
"10","Damaged","Package issue","damaged","Shipment damaged","Draft default. Review against Dashboard before sharing."
"11","Reoperate","Re-Operate","unknown","","Reoperate meaning requires confirmation."
"12","Collected","Picked Up","picked_up","Handed to courier","Draft default. Review against Dashboard before sharing."
"13","New Pickup","New Pickup","registered","Shipment registered","Draft default. Review against Dashboard before sharing."
"14","Postponed","Postponed","delayed","Delivery delayed","Draft default. Review against Dashboard before sharing."
"19","Reschedule","Reschedule","rescheduled","Delivery rescheduled","Draft default. Review against Dashboard before sharing."
"24","Partial Delivery","Partial Delivery","partial_delivery","Partially delivered","Draft default. Review against Dashboard before sharing."
"97","Received At Hub","Received From Courier after attempt","unknown","","Conflicting descriptions for this ID. Confirm with PDC."
"82","In Transit","In Transit","in_transit","In transit","Draft default. Review against Dashboard before sharing."
"83","Recieved","on the way to Destination Hub","in_transit","In transit","Draft default. Review against Dashboard before sharing."
"84","Received","Recived At Hub","arrived_at_hub","Arrived at hub","Draft default. Review against Dashboard before sharing."
"85","In Transit","Received At Destination Hub","arrived_at_hub","Arrived at hub","Draft default. Review against Dashboard before sharing."
"77","Under Return Process","In Transit - Undelivered","returning","Returning to sender","Draft default. Review against Dashboard before sharing."
"87","In Transit - Undelivered","In Transit - Undelivered","delivery_attempted","Delivery attempted","Draft default. Review against Dashboard before sharing."
"88","In Transit","In Transit to Destination Hub","in_transit","In transit","Draft default. Review against Dashboard before sharing."
"89","In Transit - Undelivered","In Transit - Undelivered","delivery_attempted","Delivery attempted","Draft default. Review against Dashboard before sharing."
"90","In Transit - Undelivered","In Transit - Undelivered","delivery_attempted","Delivery attempted","Draft default. Review against Dashboard before sharing."
"91","Wrong Sort","Wrong Sort","delayed","Delivery delayed","Draft default. Review against Dashboard before sharing."
"92","Unclear Address","Unclear Address","held","Shipment held","Draft default. Review against Dashboard before sharing."
"93","3PL International Shipment","3PL International Shipment","in_transit","In transit","Draft default. Review against Dashboard before sharing."
"94","Hold At Warehouse","Hold At Warehouse","held","Shipment held","Draft default. Review against Dashboard before sharing."
"95","On Hold","Packaging and extra weights","held","Shipment held","Draft default. Review against Dashboard before sharing."
"96","Hold for Update","Hold for Update","held","Shipment held","Draft default. Review against Dashboard before sharing."
"97","Received At Hub","Recived At Hub","unknown","","Conflicting descriptions for this ID. Confirm with PDC."
"98","Recived At Hub","Recived At Hub","arrived_at_hub","Arrived at hub","Draft default. Review against Dashboard before sharing."
